id,first_name,last_name,email,gender,ip_address
1,Stanwood,De Hoogh,sdehoogh0@nymag.com,Male,102.233.128.7
2,Vern,Burnage,vburnage1@livejournal.com,Non-binary,167.223.74.95
3,Tomkin,Coop,tcoop2@weather.com,Male,22.59.30.13
4,Lorain,Mulligan,lmulligan3@ebay.com,Female,159.147.156.153
5,Cross,Allden,callden4@yolasite.com,Male,216.11.169.143
6,Vittorio,Shenfish,vshenfish5@google.cn,Male,219.152.209.219
7,Augustina,Challin,achallin6@jugem.jp,Female,46.5.52.218
8,Hale,Cabble,hcabble7@mit.edu,Male,51.123.54.91
9,Orelie,Breit,obreit8@paypal.com,Female,16.210.253.246
10,Mureil,Edelston,medelston9@chron.com,Female,175.215.226.28
11,Sinclare,Banstead,sbansteada@ask.com,Male,116.63.148.117
12,Josephine,Gammack,jgammackb@reuters.com,Female,28.44.217.172
13,Buddie,Blockley,bblockleyc@bizjournals.com,Male,169.152.84.255
14,Jesse,Bedham,jbedhamd@theguardian.com,Male,3.84.90.165
15,Harris,Knight,hknighte@ehow.com,Male,87.84.94.47
16,Reilly,Megson,rmegsonf@acquirethisname.com,Male,202.95.165.132
17,Karilynn,Izatson,kizatsong@dropbox.com,Female,187.104.131.8
18,Angelica,Boater,aboaterh@sourceforge.net,Female,5.209.1.118
19,Saidee,Viney,svineyi@issuu.com,Female,143.185.83.80
20,Fannie,Butterwick,fbutterwickj@simplemachines.org,Genderfluid,221.75.40.58
21,Cathyleen,Greenier,cgreenierk@moonfruit.com,Female,207.29.191.17
22,Moria,Nevison,mnevisonl@admin.ch,Female,242.113.140.46
23,Joeann,Prene,jprenem@google.de,Genderqueer,245.132.198.175
24,Lloyd,Stampe,lstampen@eventbrite.com,Male,203.42.108.151
25,Zane,Grabban,zgrabbano@nifty.com,Male,132.188.39.71
26,Sandor,Wrixon,swrixonp@google.nl,Male,22.74.174.129
27,Ephrayim,Boylan,eboylanq@behance.net,Male,157.115.216.51
28,Bettye,McGilleghole,bmcgillegholer@booking.com,Female,25.45.45.141
29,Minor,Vaun,mvauns@booking.com,Male,113.58.38.68
30,Hanny,Behan,hbehant@dyndns.org,Female,246.195.168.239
31,Gualterio,Kubasek,gkubaseku@dmoz.org,Male,245.82.203.57
32,Sibilla,Durward,sdurwardv@salon.com,Female,53.1.149.240
33,Patricio,Cosely,pcoselyw@biglobe.ne.jp,Male,6.151.157.200
34,Deirdre,Skermer,dskermerx@disqus.com,Female,53.164.141.156
35,Puff,Pagin,ppaginy@yelp.com,Male,236.236.168.18
36,Lena,Saladino,lsaladinoz@wired.com,Female,244.138.235.5
37,Angelico,Rolinson,arolinson10@slate.com,Male,141.17.185.35
38,Jamaal,Braunthal,jbraunthal11@wired.com,Male,251.76.40.132
39,Katine,Fellini,kfellini12@mediafire.com,Female,96.72.186.115
40,Merralee,Munn,mmunn13@list-manage.com,Female,182.79.48.102
41,Kane,Lamort,klamort14@amazon.de,Male,152.72.209.254
42,Lock,Chetter,lchetter15@businessweek.com,Male,234.177.28.26
43,Kissiah,Voelker,kvoelker16@narod.ru,Female,72.245.110.71
44,Reilly,Herity,rherity17@unblog.fr,Genderqueer,162.19.244.209
45,Oralia,Le Hucquet,olehucquet18@purevolume.com,Female,160.6.142.140
46,Olva,Vanyashkin,ovanyashkin19@tmall.com,Female,128.135.66.82
47,Onfre,Riha,oriha1a@blogs.com,Male,119.201.47.33
48,Madelene,Brierley,mbrierley1b@g.co,Female,231.220.227.10
49,Lesley,O'Calleran,localleran1c@ifeng.com,Polygender,94.172.3.132
50,Dulciana,Poppy,dpoppy1d@woothemes.com,Female,53.95.47.232
51,Beck,McMichan,bmcmichan1e@walmart.com,Male,53.95.175.34
52,Wilma,Ditchett,wditchett1f@salon.com,Female,1.113.43.24
53,Anetta,Duckett,aduckett1g@ning.com,Female,194.35.55.40
54,Melany,Jerzak,mjerzak1h@engadget.com,Female,237.63.70.89
55,Corbett,Gringley,cgringley1i@flavors.me,Male,24.144.187.139
56,Curran,Annon,cannon1j@exblog.jp,Male,117.120.221.196
57,Timoteo,Anger,tanger1k@woothemes.com,Male,114.238.231.78
58,Sindee,Boultwood,sboultwood1l@google.com.br,Female,190.166.133.79
59,Appolonia,Mildmott,amildmott1m@mtv.com,Female,35.187.46.44
60,Josias,Willgoose,jwillgoose1n@usnews.com,Male,194.117.189.129
61,Hobard,Carbine,hcarbine1o@bloglines.com,Male,193.47.78.242
62,Keith,Creddon,kcreddon1p@hubpages.com,Male,210.71.239.24
63,Xymenes,McIllroy,xmcillroy1q@theatlantic.com,Male,111.105.80.127
64,Edward,Brailsford,ebrailsford1r@thetimes.co.uk,Male,80.17.197.172
65,Lanny,Getty,lgetty1s@theatlantic.com,Male,156.130.193.143
66,Ham,Deakin,hdeakin1t@mashable.com,Male,2.251.230.34
67,Bil,Gransden,bgransden1u@house.gov,Male,17.130.232.185
68,Fanchette,covino,fcovino1v@slashdot.org,Female,46.199.247.179
69,Crystal,Baignard,cbaignard1w@shop-pro.jp,Female,54.144.11.241
70,Tarra,Birtwisle,tbirtwisle1x@over-blog.com,Female,231.56.212.147
71,Edik,Samsonsen,esamsonsen1y@slashdot.org,Male,101.51.60.248
72,Goober,Wastell,gwastell1z@toplist.cz,Male,47.215.8.194
73,Dagmar,Etridge,detridge20@51.la,Female,95.219.190.198
74,Dasha,Laherty,dlaherty21@360.cn,Non-binary,245.35.216.218
75,Lucienne,Calderhead,lcalderhead22@google.es,Female,9.137.1.96
76,Bonni,Angrove,bangrove23@whitehouse.gov,Female,228.226.27.32
77,Elga,Thurlby,ethurlby24@unesco.org,Female,228.3.242.135
78,Silas,Castellan,scastellan25@drupal.org,Male,79.63.78.246
79,Jephthah,Verecker,jverecker26@businessinsider.com,Male,5.78.102.198
80,Lowe,Crouch,lcrouch27@nyu.edu,Male,49.153.154.171
81,Shana,Driffe,sdriffe28@t-online.de,Female,166.193.9.89
82,Genevra,Mineghelli,gmineghelli29@ox.ac.uk,Agender,148.135.189.47
83,Lorin,De Miranda,ldemiranda2a@unesco.org,Male,149.177.218.43
84,Solly,Fraczek,sfraczek2b@salon.com,Non-binary,207.64.56.113
85,Nealson,Adamthwaite,nadamthwaite2c@istockphoto.com,Male,229.175.27.223
86,Emlynn,McGreary,emcgreary2d@disqus.com,Female,187.149.242.237
87,Andros,Clowney,aclowney2e@phpbb.com,Genderfluid,83.19.221.1
88,Kingsley,Marchington,kmarchington2f@squidoo.com,Male,252.7.36.165
89,Bili,McIlmorow,bmcilmorow2g@smh.com.au,Female,63.113.209.21
90,Gallagher,Dadley,gdadley2h@phoca.cz,Male,166.231.71.22
91,Cathyleen,Wogan,cwogan2i@163.com,Female,216.92.84.213
92,Maison,Sprulls,msprulls2j@zimbio.com,Male,53.214.45.2
93,Starla,Garrould,sgarrould2k@myspace.com,Female,49.29.0.235
94,Andromache,Najera,anajera2l@state.tx.us,Female,231.189.174.73
95,Teodor,Janu,tjanu2m@spotify.com,Male,111.6.50.231
96,Giacobo,Abbatini,gabbatini2n@discovery.com,Male,19.2.20.109
97,Toddy,Nicholas,tnicholas2o@angelfire.com,Male,132.214.251.209
98,Ashely,Schieferstein,aschieferstein2p@furl.net,Female,43.234.37.103
99,Torrey,Rowe,trowe2q@reference.com,Male,129.194.173.150
100,Bondon,Reinhardt,breinhardt2r@prweb.com,Bigender,29.155.244.15
101,Horacio,Swansborough,hswansborough2s@fotki.com,Male,136.62.255.190
102,Andree,Grimme,agrimme2t@bravesites.com,Female,93.60.167.72
103,Silas,Niemetz,sniemetz2u@time.com,Male,120.189.88.246
104,Rheba,Preble,rpreble2v@vk.com,Female,40.90.67.198
105,Kinny,Grzegorzewicz,kgrzegorzewicz2w@hostgator.com,Male,103.57.247.222
106,Armando,Outright,aoutright2x@arizona.edu,Male,214.59.122.82
107,Bryana,Perone,bperone2y@wix.com,Female,224.131.225.70
108,Kerby,Farnaby,kfarnaby2z@dion.ne.jp,Male,73.132.36.204
109,Marlie,Cluckie,mcluckie30@mozilla.com,Agender,196.224.206.125
110,Obie,Davidsson,odavidsson31@list-manage.com,Male,225.139.255.181
111,Riki,Ricks,rricks32@phoca.cz,Genderfluid,58.185.5.26
112,Giffie,Castiblanco,gcastiblanco33@friendfeed.com,Male,229.171.202.18
113,Neely,MacGeaney,nmacgeaney34@home.pl,Female,21.83.236.153
114,Mayor,Pele,mpele35@printfriendly.com,Male,19.136.9.218
115,Adan,Wateridge,awateridge36@hatena.ne.jp,Genderfluid,249.33.171.97
116,Jonah,Grason,jgrason37@wiley.com,Male,32.236.48.106
117,Mary,Gatling,mgatling38@reverbnation.com,Non-binary,10.83.50.83
118,Aurlie,Bartlet,abartlet39@yahoo.com,Agender,155.36.210.9
119,Ethelind,Teece,eteece3a@geocities.jp,Female,8.93.186.96
120,Artemus,Wallege,awallege3b@lycos.com,Male,213.88.64.48
121,Bat,Eyer,beyer3c@youku.com,Male,118.15.194.48
122,Eduardo,Newiss,enewiss3d@nhs.uk,Male,243.144.154.35
123,Leo,Barker,lbarker3e@ebay.com,Male,246.234.183.135
124,Georgianna,Jobke,gjobke3f@acquirethisname.com,Female,190.248.219.13
125,Brewster,Mardlin,bmardlin3g@behance.net,Male,87.238.212.170
126,Bettina,Yanson,byanson3h@wp.com,Non-binary,170.92.54.204
127,Felipe,MacInnes,fmacinnes3i@google.it,Male,14.76.231.11
128,Vernor,Christian,vchristian3j@auda.org.au,Male,164.65.167.200
129,Freddy,Beaten,fbeaten3k@shutterfly.com,Female,101.241.145.129
130,Tonya,Winders,twinders3l@virginia.edu,Female,141.136.181.144
131,Britney,Catling,bcatling3m@google.de,Female,220.152.25.183
132,Carolee,Cristoforo,ccristoforo3n@nhs.uk,Female,145.228.96.242
133,Evita,Padbery,epadbery3o@dagondesign.com,Female,77.39.207.158
134,Devonna,Petrus,dpetrus3p@cbc.ca,Female,246.115.199.2
135,Emlynn,Summerson,esummerson3q@jimdo.com,Female,212.117.160.198
136,Leelah,Falco,lfalco3r@mozilla.org,Female,46.7.27.126
137,Lucia,Martyntsev,lmartyntsev3s@latimes.com,Female,137.118.230.32
138,Angie,Welch,awelch3t@weibo.com,Male,194.235.153.2
139,Merle,Corain,mcorain3u@rambler.ru,Male,151.117.51.78
140,Holly,Blumire,hblumire3v@ask.com,Male,44.250.60.160
141,Myrah,Segrott,msegrott3w@businesswire.com,Female,170.149.173.206
142,Felicdad,Batchley,fbatchley3x@cbc.ca,Female,177.66.3.18
143,Dayle,Paddon,dpaddon3y@pagesperso-orange.fr,Female,125.19.57.84
144,Harp,Felton,hfelton3z@guardian.co.uk,Agender,212.223.175.241
145,Lorine,Elsbury,lelsbury40@seesaa.net,Agender,94.104.60.221
146,Donni,Soames,dsoames41@usgs.gov,Female,187.31.87.44
147,Lawton,Combe,lcombe42@canalblog.com,Male,155.137.146.159
148,Goober,Strutz,gstrutz43@boston.com,Male,68.225.84.195
149,Valerie,Tenwick,vtenwick44@toplist.cz,Female,203.75.64.95
150,Moira,Ismay,mismay45@moonfruit.com,Female,216.105.250.142
151,Aguistin,Longmuir,alongmuir46@behance.net,Male,133.220.87.33
152,Bernard,Faier,bfaier47@smh.com.au,Male,219.13.190.29
153,Clerkclaude,Burnand,cburnand48@squidoo.com,Male,26.187.49.196
154,Leanor,Saile,lsaile49@ibm.com,Female,94.217.193.48
155,Harriott,Macvey,hmacvey4a@ftc.gov,Female,142.63.123.138
156,Cecilio,Spilsted,cspilsted4b@ow.ly,Male,110.217.104.49
157,Emelen,Burner,eburner4c@va.gov,Male,96.93.78.254
158,Lindie,Barbour,lbarbour4d@microsoft.com,Female,78.149.36.37
159,Cherise,Bea,cbea4e@t-online.de,Female,47.19.215.169
160,Fairleigh,Gregorio,fgregorio4f@google.es,Male,232.18.165.220
161,Rory,Liston,rliston4g@opensource.org,Male,135.71.203.163
162,Cindee,Whetton,cwhetton4h@slate.com,Female,76.109.63.39
163,Jeralee,Dunnett,jdunnett4i@sfgate.com,Female,70.77.230.89
164,Farrell,Jane,fjane4j@reverbnation.com,Male,105.16.129.26
165,Marissa,Hallett,mhallett4k@latimes.com,Female,4.228.76.131
166,Lem,Trinder,ltrinder4l@home.pl,Male,141.9.148.185
167,Tildy,Barrick,tbarrick4m@reddit.com,Female,236.221.96.61
168,Darda,Lanceter,dlanceter4n@ning.com,Female,204.201.121.92
169,Diena,Bruno,dbruno4o@howstuffworks.com,Female,167.55.10.107
170,Betty,Chillingsworth,bchillingsworth4p@nsw.gov.au,Non-binary,147.130.124.150
171,Ignacio,Skelcher,iskelcher4q@ehow.com,Male,220.135.145.138
172,Shelton,Boggas,sboggas4r@alexa.com,Male,211.166.83.131
173,Chickie,Cudde,ccudde4s@amazon.co.uk,Male,248.83.227.178
174,Sandy,Austin,saustin4t@4shared.com,Female,61.141.158.99
175,Terrence,Hunnisett,thunnisett4u@deviantart.com,Male,139.188.18.158
176,Lesya,Tomaskov,ltomaskov4v@hud.gov,Female,159.19.180.59
177,Les,Shmyr,lshmyr4w@forbes.com,Male,204.72.199.245
178,Trevar,Fraschini,tfraschini4x@infoseek.co.jp,Male,255.137.224.44
179,Crissie,Thouless,cthouless4y@dot.gov,Female,38.93.186.8
180,Kean,McClunaghan,kmcclunaghan4z@cmu.edu,Male,137.6.78.195
181,Margalo,Dunn,mdunn50@ocn.ne.jp,Female,233.70.236.48
182,Elladine,Mordue,emordue51@digg.com,Female,142.211.71.237
183,Karine,Brusby,kbrusby52@stumbleupon.com,Female,83.83.29.106
184,Jamesy,Troake,jtroake53@home.pl,Male,122.64.36.231
185,Renaud,Franceschielli,rfranceschielli54@feedburner.com,Male,96.28.95.103
186,Dane,Swansbury,dswansbury55@samsung.com,Male,163.128.215.31
187,Kenyon,Ballentime,kballentime56@admin.ch,Male,71.177.158.190
188,Park,Chell,pchell57@telegraph.co.uk,Male,159.125.120.34
189,Justino,Tytterton,jtytterton58@wix.com,Male,235.203.40.16
190,Cross,Warcop,cwarcop59@elpais.com,Male,62.104.84.30
191,Boote,O'Hara,bohara5a@soup.io,Male,140.140.159.11
192,Merill,Nussen,mnussen5b@youtube.com,Male,122.184.77.16
193,Elvin,Ovize,eovize5c@japanpost.jp,Male,47.96.150.136
194,Reeta,Stother,rstother5d@shinystat.com,Bigender,58.124.84.21
195,Guthry,Sandars,gsandars5e@etsy.com,Male,241.3.19.133
196,Valentia,Inchley,vinchley5f@home.pl,Genderfluid,62.90.16.31
197,Paulina,Le Gallo,plegallo5g@posterous.com,Female,135.57.124.235
198,Thorin,Shoulders,tshoulders5h@istockphoto.com,Male,214.234.208.23
199,Maye,Balk,mbalk5i@soup.io,Female,33.250.91.181
200,Cissy,Cuxon,ccuxon5j@soundcloud.com,Polygender,53.122.12.80
201,Sandye,Chaney,schaney5k@newyorker.com,Female,232.105.211.5
202,Kaiser,Klimontovich,kklimontovich5l@timesonline.co.uk,Male,135.141.99.133
203,Sayre,Gourlay,sgourlay5m@myspace.com,Genderqueer,36.115.181.7
204,Jane,Oslar,joslar5n@sciencedaily.com,Female,123.57.233.156
205,Banky,Girvin,bgirvin5o@cocolog-nifty.com,Male,87.189.2.246
206,Raeann,Yelden,ryelden5p@eepurl.com,Bigender,128.50.225.79
207,Morgen,Wiley,mwiley5q@nationalgeographic.com,Male,45.216.121.117
208,Florry,Haworth,fhaworth5r@joomla.org,Female,118.195.76.211
209,Crystie,Petts,cpetts5s@howstuffworks.com,Female,225.125.132.107
210,Andee,Davson,adavson5t@miibeian.gov.cn,Genderqueer,245.48.113.51
211,Huntington,Rimer,hrimer5u@cdbaby.com,Agender,29.64.14.201
212,Jacquie,Pavett,jpavett5v@squidoo.com,Female,45.223.76.131
213,Tobey,Cuvley,tcuvley5w@sourceforge.net,Female,25.109.148.187
214,Eleonore,Amberson,eamberson5x@blog.com,Female,187.207.49.23
215,Delmar,Rozier,drozier5y@columbia.edu,Male,131.61.15.182
216,Viki,Crispin,vcrispin5z@eepurl.com,Female,140.234.25.205
217,Marci,Houlison,mhoulison60@yolasite.com,Female,232.85.121.80
218,Caye,Dockwra,cdockwra61@marketwatch.com,Female,247.91.236.203
219,Simone,Ingolotti,singolotti62@blogtalkradio.com,Male,207.8.28.61
220,Stacy,Snowsill,ssnowsill63@hibu.com,Male,117.244.241.137
221,Lib,Biscomb,lbiscomb64@elpais.com,Female,136.114.228.5
222,Dyana,Mayger,dmayger65@craigslist.org,Female,177.124.30.250
223,Nial,Churchard,nchurchard66@cnbc.com,Male,117.211.55.78
224,Tova,Godlonton,tgodlonton67@cdbaby.com,Female,180.48.136.33
225,Alphonse,Labusch,alabusch68@stanford.edu,Male,244.62.94.156
226,Neale,Drieu,ndrieu69@nhs.uk,Male,106.243.91.224
227,Forrest,Matteau,fmatteau6a@booking.com,Male,24.7.104.243
228,Gill,Stembridge,gstembridge6b@ted.com,Male,249.221.147.56
229,Alisa,Simione,asimione6c@google.com.au,Female,255.255.113.35
230,Sandy,Skowcraft,sskowcraft6d@blogtalkradio.com,Female,33.161.160.44
231,Cassey,Drewery,cdrewery6e@myspace.com,Polygender,103.154.201.40
232,Cissiee,Quesne,cquesne6f@icq.com,Female,8.11.190.213
233,Catlaina,Geistbeck,cgeistbeck6g@samsung.com,Genderqueer,31.144.238.149
234,Aridatha,Butters,abutters6h@opensource.org,Female,163.204.46.190
235,Ellery,Grimsdike,egrimsdike6i@phoca.cz,Male,103.215.123.11
236,Earle,Compson,ecompson6j@yolasite.com,Male,167.182.244.79
237,Gregg,Middleditch,gmiddleditch6k@paginegialle.it,Male,199.213.86.47
238,Babara,Balaam,bbalaam6l@time.com,Female,89.9.149.174
239,Dolley,Cowpland,dcowpland6m@hao123.com,Female,174.207.77.169
240,Jenda,Baggaley,jbaggaley6n@army.mil,Bigender,95.231.204.160
241,Gaven,Hubbins,ghubbins6o@de.vu,Male,105.8.19.219
242,Coleman,Beachem,cbeachem6p@amazon.co.uk,Male,33.197.32.96
243,Edee,Fairley,efairley6q@si.edu,Female,131.25.151.31
244,Adams,Getcliff,agetcliff6r@ehow.com,Male,87.183.247.218
245,Leonard,Francke,lfrancke6s@phpbb.com,Male,192.121.163.253
246,Harrie,Punshon,hpunshon6t@google.nl,Female,136.178.138.147
247,Merwin,Ferrieri,mferrieri6u@un.org,Male,200.221.26.200
248,Pippy,Terlinden,pterlinden6v@shop-pro.jp,Female,251.208.68.115
249,Valeda,Tregale,vtregale6w@tinypic.com,Female,200.65.74.105
250,Emmett,Easby,eeasby6x@quantcast.com,Agender,182.188.167.3
251,Bertrando,Guile,bguile6y@tinypic.com,Male,121.114.199.15
252,Lynde,Biever,lbiever6z@meetup.com,Female,126.116.44.105
253,Lissie,Wrankmore,lwrankmore70@theatlantic.com,Female,219.236.160.118
254,Valeria,McMechan,vmcmechan71@booking.com,Female,124.252.226.137
255,Wrennie,Gerred,wgerred72@amazon.co.jp,Female,177.119.65.37
256,Elysia,D'Ambrosio,edambrosio73@sourceforge.net,Genderqueer,141.43.22.204
257,Nadya,Gillino,ngillino74@weebly.com,Female,179.108.75.53
258,Thea,Petteford,tpetteford75@1und1.de,Female,222.181.107.122
259,Nial,Brunini,nbrunini76@shinystat.com,Male,197.222.223.145
260,Jay,Scardifield,jscardifield77@microsoft.com,Male,248.135.104.86
261,Alyssa,Volage,avolage78@netlog.com,Genderfluid,161.42.66.229
262,Tommy,Hanwell,thanwell79@gravatar.com,Female,220.28.225.139
263,Corabelle,Dash,cdash7a@list-manage.com,Genderqueer,230.85.131.16
264,Bellina,Wimes,bwimes7b@comsenz.com,Female,240.20.78.235
265,Arlen,Faulks,afaulks7c@posterous.com,Male,40.120.136.69
266,Johnathon,Ilyin,jilyin7d@buzzfeed.com,Male,123.112.102.48
267,Ginger,Tilley,gtilley7e@cbc.ca,Male,47.103.176.31
268,Davey,Gunny,dgunny7f@usatoday.com,Male,92.37.247.195
269,Reggie,O'Cahey,rocahey7g@seesaa.net,Male,159.82.202.44
270,Anthony,Skellion,askellion7h@washingtonpost.com,Male,249.253.47.65
271,Zacharia,Millar,zmillar7i@symantec.com,Male,14.84.61.0
272,Kinny,Boscher,kboscher7j@simplemachines.org,Male,241.46.225.155
273,Hamnet,Savile,hsavile7k@xinhuanet.com,Genderqueer,100.217.233.114
274,Oberon,Churchard,ochurchard7l@infoseek.co.jp,Male,32.157.34.37
275,Georgeanna,Ungerer,gungerer7m@oakley.com,Bigender,4.127.87.102
276,Giacomo,Mauchline,gmauchline7n@va.gov,Male,151.185.129.149
277,Marcia,Georgelin,mgeorgelin7o@cdbaby.com,Female,245.254.155.245
278,Talia,Lages,tlages7p@freewebs.com,Female,174.230.122.191
279,Corine,Mahomet,cmahomet7q@tiny.cc,Female,149.201.111.72
280,Else,Rawdales,erawdales7r@house.gov,Female,173.97.36.175
281,Kile,Imms,kimms7s@ca.gov,Male,146.7.249.170
282,Tris,Windress,twindress7t@who.int,Male,251.19.167.141
283,Datha,Keeler,dkeeler7u@wikia.com,Female,72.155.32.111
284,Reggis,Plackstone,rplackstone7v@huffingtonpost.com,Male,118.137.24.153
285,Dory,Drivers,ddrivers7w@a8.net,Female,237.102.255.214
286,Rees,Tideswell,rtideswell7x@fotki.com,Male,24.137.203.44
287,Edi,Pellington,epellington7y@yahoo.com,Female,43.180.59.127
288,Torrence,Inker,tinker7z@imgur.com,Agender,186.106.158.128
289,Sheena,Seefeldt,sseefeldt80@samsung.com,Female,8.132.109.194
290,Peria,Megahey,pmegahey81@mtv.com,Female,23.54.42.11
291,Ingrim,MacCollom,imaccollom82@marriott.com,Male,70.26.243.179
292,Jake,Pickaver,jpickaver83@woothemes.com,Male,5.36.58.129
293,Susanne,Kilford,skilford84@blogger.com,Female,242.12.58.237
294,Ginnie,Whiten,gwhiten85@shareasale.com,Female,225.115.110.33
295,Bev,Rowney,browney86@google.fr,Female,157.250.144.147
296,Petra,Normadell,pnormadell87@blog.com,Female,215.176.200.149
297,Aggy,Dagleas,adagleas88@wp.com,Polygender,57.20.83.54
298,Darlene,Whickman,dwhickman89@netvibes.com,Female,28.245.195.120
299,Tana,Brady,tbrady8a@indiatimes.com,Female,0.12.60.29
300,Judon,Kiessel,jkiessel8b@imdb.com,Bigender,172.250.52.76
301,Darill,Pellissier,dpellissier8c@china.com.cn,Male,19.6.116.228
302,Lorrie,Mercy,lmercy8d@fda.gov,Female,98.190.90.139
303,Dur,Benoist,dbenoist8e@wikia.com,Male,240.68.144.136
304,Alayne,Hoult,ahoult8f@4shared.com,Female,101.45.245.129
305,Miltie,Clarson,mclarson8g@soup.io,Male,234.132.12.132
306,Merci,Matherson,mmatherson8h@barnesandnoble.com,Female,104.97.168.152
307,Deena,Crisall,dcrisall8i@nba.com,Female,156.85.63.170
308,Hamish,Ramelot,hramelot8j@multiply.com,Male,157.141.95.216
309,Zared,Hardingham,zhardingham8k@yelp.com,Male,14.56.191.146
310,Barnie,Ferriby,bferriby8l@patch.com,Male,172.88.33.136
311,Parrnell,Wignall,pwignall8m@newsvine.com,Male,0.57.154.118
312,Buckie,Okenden,bokenden8n@pcworld.com,Male,47.175.122.195
313,Daphna,Peel,dpeel8o@yolasite.com,Female,76.250.194.45
314,Gerianne,Hendrickson,ghendrickson8p@arizona.edu,Female,54.33.192.225
315,Braden,Segoe,bsegoe8q@dagondesign.com,Male,106.190.136.241
316,Jaime,Atkinson,jatkinson8r@salon.com,Male,106.67.208.15
317,Birch,McFarlane,bmcfarlane8s@webs.com,Non-binary,66.147.181.215
318,Kellina,Ockwell,kockwell8t@tinypic.com,Female,29.108.59.190
319,Ase,Lebell,alebell8u@g.co,Male,89.173.50.81
320,Cyndia,Nevins,cnevins8v@thetimes.co.uk,Female,200.100.189.145
321,Gaye,Vandenhoff,gvandenhoff8w@cloudflare.com,Female,133.200.86.60
322,Dot,Nissle,dnissle8x@cam.ac.uk,Female,118.241.71.83
323,Alika,Beautyman,abeautyman8y@vk.com,Female,182.10.171.243
324,Paolo,O'Gorman,pogorman8z@aboutads.info,Male,188.14.192.48
325,Babb,Shingfield,bshingfield90@netscape.com,Female,95.73.12.228
326,Shawnee,Matczak,smatczak91@cnbc.com,Female,68.43.143.190
327,Fulton,Adrienne,fadrienne92@vimeo.com,Male,159.231.164.33
328,Zarah,Glancey,zglancey93@indiatimes.com,Female,210.6.56.171
329,Willi,Horry,whorry94@salon.com,Female,56.22.248.16
330,Whitman,Marshallsay,wmarshallsay95@flavors.me,Male,77.144.204.145
331,Michael,Van Der Weedenburg,mvanderweedenburg96@drupal.org,Non-binary,187.63.200.33
332,Ernie,Vedmore,evedmore97@quantcast.com,Male,82.178.154.106
333,Craggy,Jean,cjean98@hud.gov,Male,96.238.201.117
334,Babbette,Grove,bgrove99@friendfeed.com,Female,71.127.5.34
335,Coop,Rispine,crispine9a@list-manage.com,Male,95.223.116.189
336,Silvia,Elnor,selnor9b@histats.com,Bigender,212.123.130.84
337,Jarib,Quincey,jquincey9c@tripadvisor.com,Male,149.66.236.145
338,Rickie,Sandeman,rsandeman9d@baidu.com,Male,56.45.168.77
339,Kaylyn,Brucker,kbrucker9e@flickr.com,Female,82.135.145.116
340,Ulysses,Gasnell,ugasnell9f@4shared.com,Male,79.87.233.163
341,Katherina,McQueen,kmcqueen9g@trellian.com,Female,185.164.1.199
342,Denyse,Bendson,dbendson9h@latimes.com,Female,123.242.104.196
343,Celestia,Siney,csiney9i@mayoclinic.com,Female,186.211.86.34
344,Merill,Bake,mbake9j@tripadvisor.com,Polygender,243.143.146.247
345,Zelma,Gapp,zgapp9k@timesonline.co.uk,Female,210.193.126.166
346,Malia,Smithies,msmithies9l@taobao.com,Female,103.141.185.115
347,Maure,Millott,mmillott9m@yandex.ru,Female,255.121.82.169
348,Florian,Josipovic,fjosipovic9n@examiner.com,Male,205.47.18.88
349,Gil,Hansana,ghansana9o@altervista.org,Male,36.232.136.114
350,Caressa,Ballingal,cballingal9p@ox.ac.uk,Female,196.216.167.0
351,Tomasina,Inglis,tinglis9q@stanford.edu,Female,53.25.32.100
352,Murdock,Menzies,mmenzies9r@github.io,Bigender,20.170.53.47
353,Corabella,Vitall,cvitall9s@mediafire.com,Female,158.136.74.169
354,Meghann,Hintzer,mhintzer9t@deliciousdays.com,Female,146.119.181.190
355,Tabb,Stopford,tstopford9u@phoca.cz,Male,31.49.142.105
356,Justinn,Stieger,jstieger9v@4shared.com,Female,44.224.217.51
357,Wilmer,Gossington,wgossington9w@goodreads.com,Male,243.163.132.153
358,Everard,Fibbens,efibbens9x@cisco.com,Male,110.107.76.232
359,Chanda,Jeandet,cjeandet9y@jugem.jp,Female,4.9.255.225
360,Gustaf,Stebbing,gstebbing9z@webs.com,Male,254.34.151.174
361,Raul,Whatmough,rwhatmougha0@sohu.com,Male,189.171.99.164
362,Aurore,Salack,asalacka1@biblegateway.com,Female,196.38.12.194
363,Genia,Pettko,gpettkoa2@printfriendly.com,Female,29.6.131.181
364,Midge,Murden,mmurdena3@bandcamp.com,Female,236.213.168.140
365,Renault,Spratley,rspratleya4@xinhuanet.com,Polygender,142.230.193.212
366,Ricky,Slucock,rslucocka5@slideshare.net,Male,49.147.112.60
367,Nichols,Dearnly,ndearnlya6@51.la,Male,42.7.118.96
368,Ddene,Flohard,dfloharda7@stumbleupon.com,Female,192.9.204.104
369,Trever,Pickring,tpickringa8@ted.com,Male,162.123.176.30
370,Wain,Janney,wjanneya9@shareasale.com,Male,34.148.8.170
371,Donelle,Chewter,dchewteraa@washingtonpost.com,Female,95.76.138.66
372,Maitilde,Leban,mlebanab@eventbrite.com,Female,50.134.172.162
373,Shelley,Grinnikov,sgrinnikovac@tamu.edu,Male,224.167.104.80
374,Paul,Kirkham,pkirkhamad@trellian.com,Male,71.161.46.88
375,Josepha,Juett,jjuettae@friendfeed.com,Female,58.74.4.168
376,Hunfredo,Dressel,hdresselaf@uol.com.br,Male,64.112.233.95
377,Bradney,Bursnall,bbursnallag@mail.ru,Male,182.139.181.42
378,Valentia,Innis,vinnisah@comsenz.com,Female,34.30.144.179
379,Koressa,Wetheril,kwetherilai@ezinearticles.com,Female,67.198.95.8
380,Margit,McBoyle,mmcboyleaj@surveymonkey.com,Female,51.154.30.63
381,Julia,Linham,jlinhamak@utexas.edu,Female,50.41.187.43
382,Brod,Finding,bfindingal@yellowbook.com,Male,200.30.211.216
383,Ahmed,Bourgeois,abourgeoisam@deliciousdays.com,Male,63.90.208.218
384,Dorey,Guly,dgulyan@craigslist.org,Female,244.157.251.50
385,Reiko,Isoldi,risoldiao@yandex.ru,Polygender,72.210.250.154
386,Hilliard,Fost,hfostap@miibeian.gov.cn,Genderfluid,98.169.162.37
387,Phip,Keme,pkemeaq@youku.com,Male,72.127.121.130
388,Matteo,Lagadu,mlagaduar@typepad.com,Male,104.59.113.149
389,Theressa,Linkleter,tlinkleteras@adobe.com,Female,166.73.118.123
390,Cristiano,Vickars,cvickarsat@sbwire.com,Male,125.90.104.43
391,Sylvan,Osipov,sosipovau@usa.gov,Male,162.5.237.86
392,Lek,Juste,ljusteav@admin.ch,Male,115.153.103.216
393,Julieta,Greenhough,jgreenhoughaw@google.co.uk,Female,24.32.20.219
394,Deb,Arthan,darthanax@china.com.cn,Female,182.142.185.223
395,Wendie,Shorie,wshorieay@t.co,Female,178.4.77.108
396,Kasey,Stainbridge,kstainbridgeaz@liveinternet.ru,Female,31.240.191.103
397,Cash,MacPaik,cmacpaikb0@liveinternet.ru,Male,100.89.8.69
398,Fianna,Demann,fdemannb1@comsenz.com,Female,124.125.134.253
399,Barbabas,Ormiston,bormistonb2@forbes.com,Male,79.88.216.229
400,Candide,Chapman,cchapmanb3@ftc.gov,Female,20.244.27.52
401,Paxton,Kid,pkidb4@buzzfeed.com,Male,192.234.151.198
402,Rudolph,Lailey,rlaileyb5@ft.com,Male,177.136.139.5
403,Ancell,Yerbury,ayerburyb6@theglobeandmail.com,Genderfluid,35.96.191.210
404,Kamillah,Leyzell,kleyzellb7@people.com.cn,Female,55.0.92.0
405,Gertruda,Mancer,gmancerb8@chronoengine.com,Female,19.214.146.225
406,Jamey,Erswell,jerswellb9@google.nl,Male,230.158.81.179
407,Mabelle,Bonsall,mbonsallba@stumbleupon.com,Female,98.42.182.101
408,Edouard,Butchard,ebutchardbb@auda.org.au,Male,122.231.181.168
409,Cameron,Spensly,cspenslybc@google.nl,Male,28.76.138.36
410,Terry,Jobey,tjobeybd@nationalgeographic.com,Polygender,154.36.205.59
411,Guillermo,Opy,gopybe@newyorker.com,Genderfluid,68.74.192.19
412,Preston,Snodden,psnoddenbf@yellowpages.com,Male,10.88.222.244
413,Hugues,Traviss,htravissbg@netscape.com,Polygender,252.24.112.60
414,Frazier,Sillett,fsillettbh@wikipedia.org,Male,195.60.40.22
415,Powell,Bolding,pboldingbi@liveinternet.ru,Male,226.118.78.153
416,Sigmund,Pyrke,spyrkebj@ucsd.edu,Male,3.38.103.159
417,Marsha,MacKartan,mmackartanbk@weather.com,Female,205.69.225.64
418,Kriste,Molfino,kmolfinobl@nationalgeographic.com,Female,45.92.116.114
419,Gerardo,Gorstidge,ggorstidgebm@creativecommons.org,Male,168.187.216.39
420,Hirsch,Gong,hgongbn@youtube.com,Male,81.218.141.21
421,Nerte,Tipper,ntipperbo@china.com.cn,Female,237.99.77.32
422,Silva,Zavattieri,szavattieribp@uol.com.br,Female,16.237.158.102
423,Lennard,Faveryear,lfaveryearbq@ask.com,Male,75.151.217.248
424,Rianon,Bayford,rbayfordbr@rambler.ru,Female,48.160.30.174
425,Winston,Freeburn,wfreeburnbs@msn.com,Male,148.36.15.228
426,Vasili,Ruddlesden,vruddlesdenbt@bandcamp.com,Male,160.189.79.57
427,Vania,Matschek,vmatschekbu@ed.gov,Female,66.153.93.11
428,Marinna,Dowey,mdoweybv@jigsy.com,Female,125.179.171.43
429,Gonzalo,Gabbot,ggabbotbw@woothemes.com,Male,178.248.142.3
430,Hieronymus,Atkyns,hatkynsbx@blogs.com,Genderfluid,83.24.122.157
431,Mohandis,Stubbin,mstubbinby@oakley.com,Male,209.139.112.165
432,Gertrude,Blampey,gblampeybz@mit.edu,Female,168.197.130.55
433,Claudie,Rodnight,crodnightc0@ask.com,Female,246.203.51.191
434,Sonny,Ridgers,sridgersc1@yellowbook.com,Male,171.57.108.60
435,Mar,Denington,mdeningtonc2@usgs.gov,Male,208.156.239.20
436,Lewes,Papez,lpapezc3@nbcnews.com,Male,150.245.121.239
437,Gram,Christie,gchristiec4@hc360.com,Male,170.153.215.193
438,Austin,Thiolier,athiolierc5@merriam-webster.com,Male,83.209.255.102
439,Ralina,Eldridge,reldridgec6@sakura.ne.jp,Female,240.60.209.134
440,Faith,Clack,fclackc7@vinaora.com,Bigender,12.55.27.111
441,Thaine,Desmond,tdesmondc8@howstuffworks.com,Polygender,171.77.74.32
442,Sidney,Turbitt,sturbittc9@nytimes.com,Male,236.49.43.174
443,Angelica,Gowanlock,agowanlockca@illinois.edu,Female,110.111.80.129
444,Cassie,Lerego,cleregocb@time.com,Male,5.134.51.113
445,Lynna,Britney,lbritneycc@wisc.edu,Female,254.12.222.159
446,Lizbeth,Fayerman,lfayermancd@washington.edu,Female,46.76.241.9
447,Hasheem,Wigfield,hwigfieldce@harvard.edu,Male,142.71.227.1
448,Kristoforo,Dobing,kdobingcf@imdb.com,Male,119.149.225.185
449,Roman,Townby,rtownbycg@comcast.net,Male,205.103.223.222
450,Jacob,Muck,jmuckch@walmart.com,Male,54.125.194.188
451,Bartholomeo,Kobus,bkobusci@hugedomains.com,Male,152.172.162.53
452,Raimund,MacSween,rmacsweencj@addtoany.com,Male,83.217.207.0
453,Vanessa,Salliere,vsalliereck@a8.net,Female,14.191.53.83
454,Amalle,Redfern,aredferncl@fc2.com,Female,96.166.246.21
455,Tammy,Martinello,tmartinellocm@wired.com,Female,86.214.115.139
456,Klara,Duggen,kduggencn@bravesites.com,Female,101.90.245.122
457,Morgen,McNulty,mmcnultyco@un.org,Polygender,160.224.178.47
458,Cary,Drinkel,cdrinkelcp@bigcartel.com,Male,214.6.33.94
459,Marthe,Greeno,mgreenocq@github.com,Female,107.232.88.119
460,Ursa,Easterbrook,ueasterbrookcr@photobucket.com,Female,148.158.26.7
461,Tarrance,Sysland,tsyslandcs@amazon.co.uk,Male,15.158.186.73
462,Weider,Swine,wswinect@upenn.edu,Male,249.199.198.166
463,Pierce,Lyenyng,plyenyngcu@linkedin.com,Male,148.117.116.208
464,Rudy,Bostock,rbostockcv@hugedomains.com,Male,197.173.4.127
465,Boycie,Thursfield,bthursfieldcw@nbcnews.com,Male,252.5.74.93
466,Arnoldo,Pennyman,apennymancx@go.com,Male,110.235.212.131
467,Antin,Rapin,arapincy@mediafire.com,Male,20.44.251.170
468,Caleb,Charlesworth,ccharlesworthcz@adobe.com,Male,76.71.81.111
469,Luigi,Gibbins,lgibbinsd0@blogspot.com,Male,21.199.187.210
470,Kareem,Wilbore,kwilbored1@nps.gov,Male,7.179.148.205
471,Aubert,Curtin,acurtind2@ihg.com,Male,94.3.154.12
472,Wilton,Stockman,wstockmand3@ox.ac.uk,Male,163.248.32.241
473,Gayelord,Pilpovic,gpilpovicd4@ask.com,Agender,242.136.44.171
474,Dannie,Housen,dhousend5@4shared.com,Female,113.160.64.3
475,Tobi,Hellier,thellierd6@artisteer.com,Polygender,172.121.245.139
476,Verine,Casali,vcasalid7@friendfeed.com,Female,145.11.113.83
477,Oralie,Mahmood,omahmoodd8@woothemes.com,Female,116.234.94.35
478,Yank,Cluley,ycluleyd9@xinhuanet.com,Male,166.52.19.5
479,Corbie,Aleksich,caleksichda@phoca.cz,Male,98.42.245.26
480,Judas,Simionato,jsimionatodb@meetup.com,Male,163.182.238.163
481,Archibold,Pridmore,apridmoredc@google.com.br,Male,154.102.16.62
482,Bria,De Mattei,bdematteidd@webeden.co.uk,Female,126.189.194.102
483,Raymund,Kowalski,rkowalskide@mail.ru,Male,15.24.49.92
484,Janessa,Scuse,jscusedf@exblog.jp,Female,170.221.215.193
485,Julieta,Haysham,jhayshamdg@fda.gov,Female,129.27.59.72
486,Jana,Niemiec,jniemiecdh@hubpages.com,Female,130.204.69.115
487,Mellicent,Mengue,mmenguedi@nbcnews.com,Female,19.80.212.43
488,Claire,Dillintone,cdillintonedj@google.co.uk,Male,235.84.123.76
489,Llewellyn,Mugridge,lmugridgedk@paypal.com,Male,196.72.213.78
490,Giacobo,Kilfoyle,gkilfoyledl@sfgate.com,Male,42.130.136.54
491,Ric,Killingback,rkillingbackdm@slate.com,Male,157.224.71.21
492,Stephen,Labden,slabdendn@soup.io,Male,201.91.108.128
493,Ferguson,Jahn,fjahndo@boston.com,Male,48.234.146.44
494,Gunilla,Frangleton,gfrangletondp@tinypic.com,Female,159.22.230.105
495,Ronni,Guyonnet,rguyonnetdq@altervista.org,Female,126.63.119.243
496,Garvin,Hollington,ghollingtondr@fc2.com,Male,209.158.44.70
497,Jackson,Dumpleton,jdumpletonds@mapy.cz,Male,59.221.135.59
498,Tiler,Hambright,thambrightdt@bloglines.com,Male,168.173.88.99
499,Meggy,Audsley,maudsleydu@slashdot.org,Female,191.168.132.22
500,Mikkel,Lawlor,mlawlordv@paypal.com,Male,44.144.223.146
501,Jeth,Bertelmot,jbertelmotdw@icq.com,Male,56.115.119.248
502,Thorsten,Rehorek,trehorekdx@elpais.com,Male,148.181.175.76
503,Berthe,Blindmann,bblindmanndy@ucsd.edu,Female,106.175.131.250
504,Belva,Waterfield,bwaterfielddz@elegantthemes.com,Female,237.249.108.35
505,Billi,Ugolini,bugolinie0@reverbnation.com,Female,228.234.174.84
506,Tally,Tremayne,ttremaynee1@nhs.uk,Female,151.35.101.46
507,Emmalee,Greenhalf,egreenhalfe2@ed.gov,Female,21.253.255.27
508,Teresina,Zecchii,tzecchiie3@sitemeter.com,Female,229.87.201.124
509,Saudra,Wybron,swybrone4@gov.uk,Female,204.211.67.69
510,Elia,Greneham,egrenehame5@slate.com,Male,195.107.198.96
511,Ethelbert,Sebert,eseberte6@hubpages.com,Male,8.26.225.30
512,Bette,Shinn,bshinne7@indiatimes.com,Female,183.54.112.170
513,Novelia,Fazakerley,nfazakerleye8@studiopress.com,Female,132.199.136.68
514,Vernor,Louche,vlouchee9@about.me,Male,116.56.225.218
515,Riley,Labbett,rlabbettea@prweb.com,Male,140.61.164.34
516,Klaus,Zienkiewicz,kzienkiewiczeb@yandex.ru,Male,85.131.118.36
517,Caleb,Halpin,chalpinec@house.gov,Male,3.198.58.110
518,Lindsey,McCloughlin,lmccloughlined@discovery.com,Male,85.173.3.164
519,Janetta,Juorio,jjuorioee@csmonitor.com,Genderqueer,63.91.19.214
520,Grata,Brahms,gbrahmsef@wordpress.com,Female,91.126.73.79
521,Wilbert,Hunte,whunteeg@admin.ch,Male,21.39.154.102
522,Philbert,Giggie,pgiggieeh@cisco.com,Male,43.139.151.102
523,Kendall,Elsip,kelsipei@tripadvisor.com,Male,8.207.150.55
524,Denney,Jeayes,djeayesej@arstechnica.com,Male,165.103.242.40
525,Ermina,Deners,edenersek@netvibes.com,Female,217.137.117.111
526,Ninette,Stiegars,nstiegarsel@geocities.jp,Female,91.163.101.120
527,Elena,Adiscot,eadiscotem@addthis.com,Female,125.42.133.255
528,Nigel,Stolberg,nstolbergen@weather.com,Male,20.181.210.187
529,Roobbie,Gitsham,rgitshameo@bloglines.com,Female,18.185.205.75
530,Concettina,Schwanden,cschwandenep@google.nl,Female,19.15.43.119
531,Royce,Ingall,ringalleq@drupal.org,Polygender,186.37.37.136
532,Kimmie,Farquarson,kfarquarsoner@surveymonkey.com,Female,128.8.170.37
533,Karee,Carleman,kcarlemanes@ycombinator.com,Female,245.58.58.101
534,Jandy,Allum,jallumet@ameblo.jp,Female,189.122.81.109
535,Euphemia,Braham,ebrahameu@hibu.com,Female,16.80.159.137
536,Suzie,Hencke,shenckeev@mac.com,Female,202.136.157.223
537,Sibylle,Dufoure,sdufoureew@upenn.edu,Female,25.253.32.175
538,Brietta,Towriss,btowrissex@sina.com.cn,Female,158.218.203.144
539,Audrye,McCutheon,amccutheoney@macromedia.com,Female,111.147.33.145
540,Glynn,Ruslen,gruslenez@oracle.com,Male,19.193.4.189
541,Corty,Dooly,cdoolyf0@ebay.co.uk,Male,229.229.217.166
542,Avivah,Barnsley,abarnsleyf1@microsoft.com,Female,148.249.200.101
543,Tommie,de Copeman,tdecopemanf2@dmoz.org,Male,199.112.216.231
544,Daffi,Ashpole,dashpolef3@stumbleupon.com,Female,157.19.200.235
545,Alyce,Herrero,aherrerof4@studiopress.com,Polygender,220.53.236.65
546,Maiga,Tedman,mtedmanf5@liveinternet.ru,Female,171.169.213.173
547,Selestina,Dahmel,sdahmelf6@gravatar.com,Female,192.39.139.232
548,Lianna,Free,lfreef7@smugmug.com,Female,65.53.81.233
549,Delano,Fursse,dfurssef8@china.com.cn,Male,220.237.24.180
550,Agathe,Bilton,abiltonf9@de.vu,Female,61.31.137.38
551,Yelena,Kingscott,ykingscottfa@hao123.com,Bigender,91.156.242.37
552,Adriana,Parmiter,aparmiterfb@purevolume.com,Agender,88.171.190.80
553,Joel,Leffek,jleffekfc@scientificamerican.com,Male,99.214.12.156
554,Josepha,Bloxsum,jbloxsumfd@163.com,Female,162.118.16.199
555,Thomasine,Rosoman,trosomanfe@whitehouse.gov,Female,12.50.112.252
556,Letitia,Minker,lminkerff@arizona.edu,Female,181.244.183.242
557,Brantley,Nettles,bnettlesfg@1688.com,Male,46.17.93.53
558,Ardath,Rennox,arennoxfh@tmall.com,Female,100.86.75.253
559,Netty,Ewin,newinfi@yellowpages.com,Female,193.1.112.203
560,Mata,Scarce,mscarcefj@ucoz.ru,Male,224.202.231.198
561,Ortensia,Spinella,ospinellafk@rediff.com,Female,190.215.237.145
562,Murry,Blumsom,mblumsomfl@php.net,Male,27.148.159.217
563,Laurice,Graalmans,lgraalmansfm@ihg.com,Female,175.23.115.98
564,Tannie,Sleeford,tsleefordfn@bloglovin.com,Genderfluid,230.255.129.199
565,Tarra,Tallquist,ttallquistfo@dailymotion.com,Female,227.52.241.42
566,Lorelle,Hickisson,lhickissonfp@hp.com,Female,39.239.83.177
567,Monica,Inkle,minklefq@123-reg.co.uk,Female,110.157.136.114
568,Baxter,Misken,bmiskenfr@sciencedirect.com,Male,210.90.58.28
569,Al,Gosnell,agosnellfs@angelfire.com,Male,248.152.42.128
570,Ermengarde,Molder,emolderft@uol.com.br,Female,21.50.246.39
571,Jedd,Cristofol,jcristofolfu@so-net.ne.jp,Male,167.90.75.176
572,Bastian,Bignell,bbignellfv@ask.com,Male,72.251.138.94
573,Manda,Jones,mjonesfw@sohu.com,Female,166.107.21.173
574,Minette,Bahls,mbahlsfx@domainmarket.com,Female,51.119.211.113
575,Lilias,Lawranson,llawransonfy@ebay.com,Female,167.73.251.221
576,Alexander,Wagon,awagonfz@aboutads.info,Male,99.160.211.196
577,Chicky,Ollcott,collcottg0@mail.ru,Female,200.235.90.40
578,Ann,Laraway,alarawayg1@jalbum.net,Female,232.240.131.59
579,Roderigo,Dombrell,rdombrellg2@tripadvisor.com,Male,21.155.212.246
580,Penny,Chessor,pchessorg3@tripadvisor.com,Female,92.144.181.87
581,Kelcey,Cobson,kcobsong4@cloudflare.com,Female,37.82.8.121
582,Didi,Hadlington,dhadlingtong5@aol.com,Female,240.45.122.107
583,Mylo,Magauran,mmagaurang6@accuweather.com,Male,119.231.46.67
584,Obidiah,Gebby,ogebbyg7@usgs.gov,Male,109.8.43.163
585,Galvin,Sommerscales,gsommerscalesg8@jigsy.com,Male,138.61.152.163
586,Harrietta,Bachman,hbachmang9@nih.gov,Female,9.95.209.36
587,Sanford,Gossipin,sgossipinga@blog.com,Non-binary,191.59.82.232
588,Dud,Easseby,deassebygb@ihg.com,Polygender,68.40.70.53
589,Tim,Melly,tmellygc@paypal.com,Female,198.107.156.57
590,Jess,Clitheroe,jclitheroegd@ed.gov,Male,197.85.32.161
591,Ursala,Powley,upowleyge@amazonaws.com,Agender,160.190.12.233
592,Vittorio,Robichon,vrobichongf@eventbrite.com,Male,171.235.133.92
593,Staffard,Valdes,svaldesgg@amazon.co.jp,Male,17.48.154.179
594,Carlin,Maddams,cmaddamsgh@yandex.ru,Male,56.180.220.153
595,Renelle,Ida,ridagi@huffingtonpost.com,Female,119.71.137.116
596,Pincas,Julien,pjuliengj@opensource.org,Male,107.120.4.104
597,Kaylee,Tourne,ktournegk@discuz.net,Female,180.87.205.176
598,Anna-diane,Dubble,adubblegl@who.int,Female,120.55.161.209
599,Ernesto,Sodo,esodogm@vkontakte.ru,Male,95.244.142.159
600,Giff,Warrior,gwarriorgn@utexas.edu,Male,134.252.227.250
601,Gillan,Hobbing,ghobbinggo@fotki.com,Female,136.182.237.117
602,Savina,Antalffy,santalffygp@mozilla.com,Genderfluid,221.58.156.78
603,Lynda,Station,lstationgq@tinyurl.com,Female,237.17.157.182
604,Guillaume,Freeburn,gfreeburngr@bizjournals.com,Male,78.168.246.236
605,Raf,Pierrepont,rpierrepontgs@mit.edu,Genderqueer,193.127.63.75
606,Ryley,Summerrell,rsummerrellgt@squidoo.com,Male,105.163.14.232
607,Devi,Vick,dvickgu@google.ru,Female,83.138.123.27
608,Krissy,Baughn,kbaughngv@google.nl,Female,162.62.250.68
609,Gardner,Gout,ggoutgw@1und1.de,Male,252.208.74.77
610,Michale,Davidai,mdavidaigx@dion.ne.jp,Male,182.54.221.50
611,Sigmund,Joly,sjolygy@cnbc.com,Male,137.216.38.150
612,Roddie,Lanegran,rlanegrangz@cisco.com,Male,9.61.219.187
613,Amalita,Hubatsch,ahubatschh0@dropbox.com,Female,81.53.164.96
614,Bevin,Marien,bmarienh1@usatoday.com,Male,237.159.177.148
615,Loralee,Cowern,lcowernh2@netscape.com,Female,82.154.247.204
616,Isiahi,Stockell,istockellh3@hatena.ne.jp,Male,13.102.128.224
617,Doris,Souley,dsouleyh4@wikipedia.org,Female,121.35.28.92
618,Lorelei,Filyaev,lfilyaevh5@nationalgeographic.com,Female,143.113.81.140
619,Marleen,Barmadier,mbarmadierh6@gnu.org,Non-binary,219.137.176.182
620,Harwilll,Hawse,hhawseh7@spiegel.de,Male,23.123.100.177
621,Iggie,Coggins,icogginsh8@xing.com,Male,211.7.149.98
622,Angeline,Persence,apersenceh9@addthis.com,Female,95.90.1.202
623,Kameko,Moye,kmoyeha@stanford.edu,Female,110.152.155.233
624,Anitra,Dundon,adundonhb@telegraph.co.uk,Agender,228.64.200.215
625,Emmey,Sherville,eshervillehc@jimdo.com,Female,10.185.224.251
626,Norina,Griffey,ngriffeyhd@yellowbook.com,Female,121.58.244.110
627,Chickie,Mitkov,cmitkovhe@dyndns.org,Bigender,152.36.238.166
628,Konstantin,Hylton,khyltonhf@phoca.cz,Male,20.54.171.156
629,Yale,Broadey,ybroadeyhg@goo.gl,Male,90.61.217.119
630,Deirdre,Meneghelli,dmeneghellihh@fotki.com,Female,154.50.137.3
631,Skip,Krysztofiak,skrysztofiakhi@bigcartel.com,Male,3.232.54.160
632,Hestia,McDuall,hmcduallhj@netscape.com,Female,29.71.85.55
633,Angelika,Julien,ajulienhk@umn.edu,Bigender,39.122.202.33
634,Deana,Killshaw,dkillshawhl@technorati.com,Female,1.29.48.188
635,Tamarah,Mechi,tmechihm@rediff.com,Female,160.94.247.157
636,Fran,Gley,fgleyhn@forbes.com,Male,70.166.206.30
637,Lucio,Marsham,lmarshamho@washingtonpost.com,Male,11.72.190.65
638,Rem,Bon,rbonhp@smugmug.com,Male,233.119.111.202
639,Adrian,Jouannisson,ajouannissonhq@spiegel.de,Male,50.100.190.127
640,Norman,Croux,ncrouxhr@symantec.com,Male,152.59.242.146
641,Shaine,Leigh,sleighhs@hc360.com,Male,115.106.179.33
642,Cynde,Muselli,cmuselliht@squidoo.com,Female,249.11.122.15
643,Becky,Josef,bjosefhu@imgur.com,Female,244.125.151.9
644,Merrill,Rays,mrayshv@ucoz.ru,Genderqueer,9.245.241.133
645,Larry,Ivanchov,livanchovhw@newyorker.com,Male,219.41.154.242
646,Dion,Schollar,dschollarhx@techcrunch.com,Female,48.95.49.41
647,Ulrich,Hollingdale,uhollingdalehy@sbwire.com,Male,190.50.175.71
648,Abbot,Muselli,amusellihz@microsoft.com,Male,235.145.189.178
649,Olia,Kiddy,okiddyi0@t.co,Female,91.93.13.24
650,Masha,Peinton,mpeintoni1@microsoft.com,Female,26.111.181.63
651,Lorita,Bris,lbrisi2@adobe.com,Female,164.25.46.17
652,Conrade,Berggren,cberggreni3@cornell.edu,Male,104.187.218.213
653,Jilli,Brimming,jbrimmingi4@artisteer.com,Female,190.34.71.14
654,Molly,Mendel,mmendeli5@photobucket.com,Female,250.51.223.128
655,Joann,Goadby,jgoadbyi6@canalblog.com,Female,8.78.200.189
656,Antonina,Keel,akeeli7@java.com,Female,216.58.173.177
657,Brett,Huburn,bhuburni8@auda.org.au,Female,232.6.57.167
658,Crichton,Burlay,cburlayi9@ft.com,Male,11.26.174.229
659,Ashby,Huddart,ahuddartia@dion.ne.jp,Male,131.249.183.234
660,Archaimbaud,Hover,ahoverib@gizmodo.com,Male,200.46.78.233
661,Tommy,Cornock,tcornockic@about.me,Male,134.64.130.206
662,Stefano,Cockram,scockramid@tamu.edu,Male,98.69.4.71
663,Donnajean,Oggers,doggersie@webs.com,Female,27.41.88.225
664,Jazmin,Lauridsen,jlauridsenif@elegantthemes.com,Female,16.159.184.115
665,Shayna,Lothean,slotheanig@wordpress.com,Female,3.127.157.193
666,Amos,Sandon,asandonih@illinois.edu,Polygender,20.54.51.230
667,Rriocard,Cochern,rcochernii@chronoengine.com,Male,230.184.214.155
668,Marcela,Robottham,mrobotthamij@mysql.com,Female,141.214.189.207
669,Humfrey,Yorkston,hyorkstonik@sogou.com,Male,121.75.169.255
670,Clem,Flynn,cflynnil@ucoz.ru,Male,244.196.3.188
671,Dick,Mennithorp,dmennithorpim@noaa.gov,Male,172.185.77.151
672,Bennie,Linfoot,blinfootin@intel.com,Female,94.50.136.5
673,Rhys,Haylock,rhaylockio@google.ca,Male,198.147.72.142
674,Udall,Schoroder,uschoroderip@newyorker.com,Male,234.185.51.222
675,Arnuad,Casiroli,acasiroliiq@europa.eu,Male,202.168.183.196
676,Abram,Attewell,aattewellir@npr.org,Male,94.2.244.11
677,Justin,Springell,jspringellis@merriam-webster.com,Male,236.99.6.26
678,Timi,Curr,tcurrit@zimbio.com,Female,78.112.158.71
679,Zara,Godball,zgodballiu@cafepress.com,Female,13.172.123.136
680,Laughton,Bill,lbilliv@umich.edu,Male,212.216.150.12
681,Charis,Helbeck,chelbeckiw@cnn.com,Female,39.13.231.188
682,Hailee,Diem,hdiemix@multiply.com,Female,76.38.44.53
683,Jillian,Thompson,jthompsoniy@bravesites.com,Female,21.16.148.193
684,Kakalina,Grimwood,kgrimwoodiz@microsoft.com,Female,160.218.100.51
685,Dean,Bridie,dbridiej0@plala.or.jp,Male,107.63.147.210
686,Alex,Heigold,aheigoldj1@yellowbook.com,Female,187.206.222.248
687,Langston,Flaws,lflawsj2@qq.com,Non-binary,170.208.104.122
688,Matty,McGourty,mmcgourtyj3@dion.ne.jp,Male,111.165.95.216
689,Marten,Fleetwood,mfleetwoodj4@gnu.org,Male,206.115.200.213
690,Elise,Battershall,ebattershallj5@arstechnica.com,Female,26.223.225.83
691,Howie,Cordery,hcorderyj6@dyndns.org,Male,72.240.16.131
692,Leticia,Munkley,lmunkleyj7@hp.com,Female,187.56.35.173
693,Charley,Snow,csnowj8@biglobe.ne.jp,Bigender,237.89.83.19
694,Hollis,Frake,hfrakej9@amazon.co.jp,Male,49.1.41.63
695,Boigie,Cagan,bcaganja@plala.or.jp,Male,49.49.88.191
696,Myrtle,Golborne,mgolbornejb@foxnews.com,Female,187.125.54.105
697,Nikolaos,Coggon,ncoggonjc@baidu.com,Male,206.23.103.127
698,Skye,MattiCCI,smatticcijd@linkedin.com,Male,98.173.160.157
699,Kaile,Kuzma,kkuzmaje@ovh.net,Female,27.232.65.18
700,Cybill,Philippault,cphilippaultjf@goo.ne.jp,Female,82.170.224.184
701,Emmye,McCluney,emccluneyjg@state.tx.us,Female,232.126.76.42
702,Maren,Rix,mrixjh@ted.com,Female,134.86.214.209
703,Christiano,Pistol,cpistolji@mayoclinic.com,Genderfluid,123.178.57.190
704,Brigid,Way,bwayjj@twitter.com,Female,6.56.117.104
705,Fidelio,Cornborough,fcornboroughjk@barnesandnoble.com,Male,71.242.30.68
706,Melloney,Marshallsay,mmarshallsayjl@scientificamerican.com,Female,114.18.158.62
707,Veronica,Jersh,vjershjm@smugmug.com,Female,208.122.188.16
708,Leora,Climpson,lclimpsonjn@adobe.com,Female,101.83.208.255
709,Joel,Holsey,jholseyjo@cnet.com,Male,230.136.249.34
710,Abram,Garland,agarlandjp@craigslist.org,Male,62.89.227.10
711,Sheena,McGeagh,smcgeaghjq@printfriendly.com,Female,251.63.132.138
712,Berkly,Leonarde,bleonardejr@hugedomains.com,Male,38.122.236.39
713,Minor,Eshmade,meshmadejs@parallels.com,Male,130.141.222.225
714,Letisha,Sympson,lsympsonjt@indiegogo.com,Female,182.46.216.244
715,Hilly,Mattia,hmattiaju@paypal.com,Male,182.91.12.156
716,Rea,Charles,rcharlesjv@netlog.com,Female,105.93.31.255
717,Gannon,Keepin,gkeepinjw@yandex.ru,Male,82.73.108.211
718,Elita,Thurstan,ethurstanjx@cnbc.com,Female,216.141.54.48
719,Estelle,Balfour,ebalfourjy@sphinn.com,Female,164.124.218.148
720,Devondra,Yglesias,dyglesiasjz@macromedia.com,Female,176.132.179.1
721,Ruddie,Reddings,rreddingsk0@wired.com,Male,80.85.238.33
722,Sigrid,Tomney,stomneyk1@spiegel.de,Female,44.105.150.111
723,Gregoor,Damarell,gdamarellk2@histats.com,Male,56.77.245.112
724,Melodee,Le Jean,mlejeank3@pen.io,Female,102.155.91.7
725,Gabbie,Moakson,gmoaksonk4@time.com,Female,70.27.131.4
726,Hulda,Travers,htraversk5@ox.ac.uk,Female,49.180.63.220
727,Lew,Tullett,ltullettk6@vimeo.com,Male,48.82.102.7
728,Ephraim,Teers,eteersk7@bing.com,Male,184.233.255.60
729,Winslow,Stoner,wstonerk8@scientificamerican.com,Male,157.86.27.136
730,Bridie,Whyman,bwhymank9@addthis.com,Female,230.98.30.133
731,Thibaud,Oxbie,toxbieka@netvibes.com,Male,66.254.127.114
732,Talyah,Fildes,tfildeskb@youku.com,Female,8.45.127.225
733,Gerhard,Cullen,gcullenkc@artisteer.com,Male,219.184.44.107
734,Dominga,Delgua,ddelguakd@360.cn,Female,128.92.218.240
735,Haroun,Bozier,hbozierke@1und1.de,Male,237.2.113.77
736,Frazier,Zelake,fzelakekf@squidoo.com,Male,106.102.99.149
737,Sherwynd,Bisset,sbissetkg@umn.edu,Male,166.181.3.227
738,Verene,Josland,vjoslandkh@naver.com,Female,126.241.113.243
739,Dorry,Shernock,dshernockki@quantcast.com,Female,86.121.194.107
740,Marie-ann,Van den Broek,mvandenbroekkj@cloudflare.com,Female,80.23.206.157
741,Aundrea,MacPaik,amacpaikkk@fda.gov,Bigender,0.58.26.48
742,Mano,Di Baudi,mdibaudikl@go.com,Male,40.147.181.221
743,Laryssa,Urien,lurienkm@ucoz.com,Female,12.65.23.17
744,Germayne,Bearblock,gbearblockkn@netvibes.com,Male,183.227.203.119
745,Urson,Bodleigh,ubodleighko@gnu.org,Male,220.88.60.75
746,Thorin,Cawthorn,tcawthornkp@sogou.com,Male,210.214.94.242
747,Arty,Denisevich,adenisevichkq@github.io,Male,143.242.233.252
748,Pooh,Leitche,pleitchekr@webmd.com,Male,174.135.152.140
749,Elisha,Vido,evidoks@skyrock.com,Male,153.90.87.169
750,Dane,Rillstone,drillstonekt@tamu.edu,Non-binary,228.249.50.69
751,Karrie,Dinning,kdinningku@aboutads.info,Female,100.99.85.209
752,Aundrea,Brookfield,abrookfieldkv@wordpress.com,Female,148.181.158.224
753,Kaine,Faint,kfaintkw@sakura.ne.jp,Male,196.84.51.236
754,Rona,Holley,rholleykx@examiner.com,Non-binary,53.144.224.138
755,Codi,Lanphier,clanphierky@nyu.edu,Female,195.230.173.134
756,Marleen,Vanderson,mvandersonkz@hibu.com,Female,219.45.187.79
757,Anthiathia,Tschiersch,atschierschl0@issuu.com,Female,40.222.254.7
758,Clifford,Camois,ccamoisl1@house.gov,Bigender,245.163.136.24
759,Delmar,Streetley,dstreetleyl2@geocities.jp,Male,138.250.202.68
760,Layla,Middle,lmiddlel3@chicagotribune.com,Female,40.229.253.150
761,Karlens,Ginnally,kginnallyl4@about.me,Male,118.49.70.200
762,Clo,Line,clinel5@mashable.com,Female,133.218.253.120
763,Romy,Castles,rcastlesl6@behance.net,Female,229.149.134.53
764,Burnaby,Cattlow,bcattlowl7@vk.com,Polygender,177.136.163.98
765,Ike,Duny,idunyl8@flickr.com,Male,223.55.182.215
766,Hilly,Gegg,hgeggl9@samsung.com,Non-binary,154.46.217.86
767,Timmie,Dutteridge,tdutteridgela@posterous.com,Female,73.250.251.230
768,Ansel,Milley,amilleylb@sourceforge.net,Male,75.235.155.222
769,Callean,Hamal,chamallc@japanpost.jp,Polygender,149.9.116.245
770,Staci,Offield,soffieldld@harvard.edu,Female,35.47.220.157
771,Lorin,Jaslem,ljaslemle@bigcartel.com,Agender,78.6.101.197
772,Kathryne,Gidden,kgiddenlf@parallels.com,Female,224.59.230.90
773,Wells,Feild,wfeildlg@biblegateway.com,Male,48.115.250.197
774,Shoshanna,Rathbone,srathbonelh@whitehouse.gov,Female,19.78.110.29
775,Susy,Sute,ssuteli@nps.gov,Female,132.248.225.218
776,Annnora,Le Pine,alepinelj@meetup.com,Female,175.81.143.254
777,Georgeanne,Duffan,gduffanlk@census.gov,Female,150.147.22.164
778,Salomone,Windrass,swindrassll@virginia.edu,Male,249.245.54.33
779,Morris,Craister,mcraisterlm@senate.gov,Male,205.51.209.198
780,Muhammad,Finessy,mfinessyln@lycos.com,Male,119.88.228.4
781,Coretta,Kalewe,ckalewelo@shutterfly.com,Female,217.85.225.172
782,Torrence,Milkin,tmilkinlp@princeton.edu,Male,169.111.13.34
783,Frederico,Kenningham,fkenninghamlq@flickr.com,Male,232.184.180.155
784,Jeniffer,Baggarley,jbaggarleylr@sun.com,Female,73.119.99.33
785,Valery,Kelso,vkelsols@yellowpages.com,Female,234.170.243.221
786,Brendin,Bortoletti,bbortolettilt@foxnews.com,Male,175.125.203.198
787,Sully,Mockler,smocklerlu@moonfruit.com,Male,66.195.139.72
788,Danella,Pycock,dpycocklv@nasa.gov,Female,61.176.173.156
789,Maegan,Keenlyside,mkeenlysidelw@typepad.com,Female,114.54.178.83
790,Dunstan,Parnham,dparnhamlx@bbc.co.uk,Male,167.174.7.94
791,Bronson,Satteford,bsattefordly@exblog.jp,Male,99.188.16.123
792,Kristopher,Hutley,khutleylz@facebook.com,Male,157.53.62.115
793,Karlis,Alenin,kaleninm0@bizjournals.com,Male,43.16.148.77
794,Domenico,Volkes,dvolkesm1@msn.com,Male,71.80.222.26
795,Maddalena,Hardy,mhardym2@ucoz.ru,Female,95.106.97.18
796,Taryn,Brobyn,tbrobynm3@desdev.cn,Female,1.157.200.1
797,Artur,Harteley,aharteleym4@wordpress.org,Male,92.220.243.254
798,Munmro,Jephcote,mjephcotem5@businessweek.com,Male,120.242.184.66
799,Jolene,Hanrahan,jhanrahanm6@unblog.fr,Female,198.124.56.1
800,Charlene,Goullee,cgoulleem7@tinyurl.com,Female,53.187.208.21
801,Clayborn,Parkman,cparkmanm8@jigsy.com,Male,211.192.222.0
802,Wendie,Sedgmond,wsedgmondm9@bravesites.com,Female,10.22.202.93
803,Valentino,Olivello,volivelloma@amazon.de,Male,118.152.122.190
804,Ashbey,Borne,abornemb@huffingtonpost.com,Male,73.78.238.147
805,Raymond,Bruckner,rbrucknermc@marketwatch.com,Male,84.103.131.156
806,Timmie,Banfill,tbanfillmd@cargocollective.com,Male,86.140.251.155
807,Erminie,Andriesse,eandriesseme@macromedia.com,Female,210.43.38.60
808,Cassandre,Knibbs,cknibbsmf@ning.com,Non-binary,128.232.23.210
809,Annadiana,Biggins,abigginsmg@blinklist.com,Female,80.214.88.63
810,Omero,Emerine,oemerinemh@blogger.com,Male,5.192.76.183
811,Boony,Burnett,bburnettmi@smugmug.com,Male,46.111.41.175
812,Steffi,Farndell,sfarndellmj@mlb.com,Female,28.106.109.104
813,Chadwick,Collins,ccollinsmk@ehow.com,Male,173.29.221.121
814,Manuel,Keggin,mkegginml@businesswire.com,Male,72.76.195.82
815,Griffin,Skyme,gskymemm@pcworld.com,Male,228.197.157.207
816,Sib,Rennenbach,srennenbachmn@nasa.gov,Female,213.103.131.245
817,Rodolph,Jurczak,rjurczakmo@google.co.uk,Male,245.49.196.254
818,Sonya,Marlow,smarlowmp@hp.com,Female,87.128.64.208
819,Hillery,Rudderham,hrudderhammq@github.io,Male,21.18.6.213
820,Avril,Crocker,acrockermr@wordpress.com,Female,108.16.144.7
821,Idalia,Giff,igiffms@dagondesign.com,Female,58.159.229.147
822,Thebault,Bloxsum,tbloxsummt@liveinternet.ru,Male,242.205.113.142
823,Munroe,Palk,mpalkmu@indiegogo.com,Male,87.217.118.104
824,Kaiser,Spence,kspencemv@globo.com,Male,123.192.57.178
825,Gaylord,Fendt,gfendtmw@tuttocitta.it,Male,31.33.13.38
826,Georgianna,Latek,glatekmx@baidu.com,Female,60.82.203.119
827,Oriana,Blanque,oblanquemy@hubpages.com,Female,26.208.254.189
828,Pierce,Bidwell,pbidwellmz@last.fm,Male,3.109.204.150
829,Camala,Folan,cfolann0@yahoo.co.jp,Female,243.53.102.249
830,Thekla,Boobyer,tboobyern1@blinklist.com,Female,4.88.199.86
831,Kimberley,Bonson,kbonsonn2@tmall.com,Female,230.94.181.231
832,Vikki,Munden,vmundenn3@ezinearticles.com,Female,220.51.56.83
833,Walt,Girardin,wgirardinn4@ibm.com,Male,41.4.133.114
834,Angelita,Hrus,ahrusn5@symantec.com,Female,142.73.217.114
835,Marcellina,Hrihorovich,mhrihorovichn6@google.com.au,Genderqueer,85.99.16.0
836,Johann,Kasperski,jkasperskin7@disqus.com,Male,4.96.226.141
837,Michel,Pidgin,mpidginn8@dedecms.com,Male,121.222.106.151
838,Louisette,Collabine,lcollabinen9@nbcnews.com,Female,148.116.174.91
839,Kimble,Cuppitt,kcuppittna@over-blog.com,Male,176.69.134.45
840,Sammy,Master,smasternb@forbes.com,Female,182.118.132.228
841,Wendi,Kuhwald,wkuhwaldnc@gravatar.com,Female,248.110.52.53
842,Charles,Giacopello,cgiacopellond@skype.com,Male,231.7.242.216
843,Shaughn,Hughman,shughmanne@wikia.com,Male,2.213.41.238
844,Jazmin,Tournay,jtournaynf@cnn.com,Female,72.172.137.199
845,Alexis,de Verson,adeversonng@sphinn.com,Female,185.10.175.25
846,Bertrand,Jahnig,bjahnignh@scribd.com,Male,139.147.224.211
847,Manny,Capp,mcappni@craigslist.org,Male,184.14.152.160
848,Orelle,Mathiassen,omathiassennj@foxnews.com,Female,26.84.122.92
849,Colly,Craiker,ccraikernk@wikimedia.org,Female,45.114.215.51
850,Ulrica,Pulver,upulvernl@sakura.ne.jp,Female,134.197.235.252
851,Boyce,Marchello,bmarchellonm@bloomberg.com,Male,188.88.17.230
852,Lida,Quartermain,lquartermainnn@ocn.ne.jp,Female,49.161.56.122
853,Lanie,Delion,ldelionno@cbsnews.com,Female,75.82.243.114
854,Kali,Micheli,kmichelinp@clickbank.net,Female,136.115.222.111
855,Erroll,Pagin,epaginnq@google.co.uk,Male,68.10.240.213
856,Florence,Waple,fwaplenr@goo.ne.jp,Female,64.24.158.248
857,Alanah,Browse,abrowsens@printfriendly.com,Female,142.239.42.168
858,Willi,Elliman,wellimannt@php.net,Female,10.49.142.20
859,Hanna,Dahlborg,hdahlborgnu@cbc.ca,Female,37.80.7.246
860,Gianina,Franzolini,gfranzolininv@e-recht24.de,Polygender,194.98.160.21
861,Jocelin,Cressar,jcressarnw@1688.com,Female,84.1.150.172
862,Quintana,Kupka,qkupkanx@yale.edu,Female,94.1.219.70
863,Dalia,Eldon,deldonny@istockphoto.com,Female,221.27.214.189
864,Merry,Maghull,mmaghullnz@squarespace.com,Female,238.1.34.31
865,Rochelle,Deviney,rdevineyo0@time.com,Female,26.80.149.43
866,Orv,Taw,otawo1@discuz.net,Male,191.116.118.127
867,Bevan,Kinrade,bkinradeo2@cbsnews.com,Male,188.44.143.23
868,Ermina,Binford,ebinfordo3@independent.co.uk,Female,62.179.12.172
869,Lorenzo,McKerron,lmckerrono4@columbia.edu,Male,25.188.122.57
870,Gail,Sherland,gsherlando5@webmd.com,Male,47.61.55.37
871,Natale,Reuss,nreusso6@smugmug.com,Male,2.248.116.238
872,Howie,Barlie,hbarlieo7@ovh.net,Polygender,136.136.174.237
873,Fletcher,Brendeke,fbrendekeo8@ted.com,Male,244.125.189.217
874,Bekki,Duff,bduffo9@state.gov,Female,0.216.113.167
875,Cherilyn,Driver,cdriveroa@hibu.com,Female,198.53.70.99
876,Garvy,Edinboro,gedinboroob@netvibes.com,Male,186.128.220.63
877,Adriena,Beri,aberioc@gnu.org,Female,34.16.104.247
878,Alissa,Djurkovic,adjurkovicod@google.com,Female,78.12.202.93
879,Mercy,Sheaber,msheaberoe@histats.com,Female,52.47.151.219
880,Cameron,Stennes,cstennesof@wix.com,Male,154.209.223.134
881,Olva,Spanton,ospantonog@sun.com,Female,88.19.90.23
882,Olivie,Vicent,ovicentoh@fastcompany.com,Female,156.128.194.5
883,Packston,Bandy,pbandyoi@guardian.co.uk,Male,226.3.231.101
884,Yves,Szymaniak,yszymaniakoj@g.co,Male,57.146.253.75
885,Reggie,Klesel,rkleselok@state.gov,Male,211.234.175.195
886,Woody,Lambersen,wlambersenol@weather.com,Male,171.234.33.243
887,Beau,Ends,bendsom@unc.edu,Male,144.183.108.135
888,Cindelyn,Aarons,caaronson@vimeo.com,Female,66.162.117.101
889,Michail,Arrington,marringtonoo@jimdo.com,Male,214.188.115.255
890,Gretel,Firle,gfirleop@squidoo.com,Female,17.53.204.203
891,Lori,Shanks,lshanksoq@cyberchimps.com,Female,142.145.135.110
892,Trixie,Izhakov,tizhakovor@whitehouse.gov,Agender,129.204.110.58
893,Bevvy,Lemmon,blemmonos@usgs.gov,Polygender,81.145.130.207
894,Rosaleen,Jime,rjimeot@goo.gl,Female,70.246.59.59
895,Yolane,Cettell,ycettellou@merriam-webster.com,Female,47.237.44.104
896,Thelma,Di Filippo,tdifilippoov@blinklist.com,Polygender,71.210.6.187
897,Shayna,Smeed,ssmeedow@ameblo.jp,Female,22.169.6.94
898,Ronald,Jaffray,rjaffrayox@phpbb.com,Male,218.192.84.124
899,Carly,Schimke,cschimkeoy@scribd.com,Female,8.188.96.173
900,Denise,Blasetti,dblasettioz@gov.uk,Agender,27.185.181.178
901,Dallon,Hunting,dhuntingp0@intel.com,Male,111.110.251.222
902,Dru,Coppledike,dcoppledikep1@instagram.com,Male,138.166.77.213
903,Melisande,Goolden,mgooldenp2@technorati.com,Female,3.170.216.214
904,Hettie,Penhallurick,hpenhallurickp3@examiner.com,Female,228.30.105.181
905,Verne,Easum,veasump4@nasa.gov,Male,31.86.161.200
906,Dorette,Swiggs,dswiggsp5@prlog.org,Female,107.80.254.206
907,Aharon,Rosencwaig,arosencwaigp6@webmd.com,Male,137.253.169.201
908,Edna,Di Pietro,edipietrop7@facebook.com,Female,78.87.228.143
909,Melly,Ouchterlony,mouchterlonyp8@parallels.com,Female,62.232.19.66
910,Carlyle,Davenell,cdavenellp9@nydailynews.com,Male,52.158.16.5
911,Hilde,Gerardet,hgerardetpa@netlog.com,Female,161.14.143.135
912,Myriam,Bellany,mbellanypb@csmonitor.com,Female,54.8.101.75
913,Kingston,Pietrasik,kpietrasikpc@squidoo.com,Male,226.66.215.83
914,Daffi,Gilders,dgilderspd@answers.com,Female,150.229.49.251
915,Jessey,Bulcroft,jbulcroftpe@netvibes.com,Male,139.60.137.206
916,Antonius,Upfold,aupfoldpf@homestead.com,Male,54.208.102.155
917,Sadella,Di Giacomo,sdigiacomopg@huffingtonpost.com,Female,154.127.100.241
918,Dita,Finlator,dfinlatorph@google.ca,Female,75.22.125.6
919,Ferris,Giveen,fgiveenpi@dailymotion.com,Male,245.179.232.52
920,Arden,Twinn,atwinnpj@geocities.com,Female,58.13.101.79
921,Fairleigh,Kubiak,fkubiakpk@jalbum.net,Male,49.217.217.224
922,Rossy,Leeson,rleesonpl@fda.gov,Male,154.128.195.20
923,Albie,Flaxon,aflaxonpm@naver.com,Male,134.146.195.160
924,Clyve,Catlin,ccatlinpn@spiegel.de,Male,6.249.124.49
925,Rina,Tanton,rtantonpo@networkadvertising.org,Female,158.146.134.106
926,Zedekiah,Gelletly,zgelletlypp@si.edu,Male,1.28.199.27
927,Philipa,Drewes,pdrewespq@baidu.com,Female,15.162.94.136
928,Sula,Reasun,sreasunpr@dagondesign.com,Polygender,50.3.122.118
929,Ingaberg,Augustus,iaugustusps@kickstarter.com,Female,115.218.169.225
930,Sidney,MacKeogh,smackeoghpt@go.com,Non-binary,223.170.212.53
931,Bay,Tire,btirepu@epa.gov,Bigender,244.79.69.110
932,Cosette,Arter,carterpv@unesco.org,Non-binary,143.73.97.172
933,Brett,Lang,blangpw@springer.com,Female,229.88.205.249
934,Druci,Kinghorne,dkinghornepx@ocn.ne.jp,Non-binary,144.182.166.235
935,Rollins,Hebblewaite,rhebblewaitepy@behance.net,Male,10.97.17.103
936,Vinson,Eastham,veasthampz@elpais.com,Male,98.85.56.170
937,Cosme,Sutter,csutterq0@upenn.edu,Male,128.179.170.75
938,Dmitri,Urian,durianq1@si.edu,Male,59.178.191.176
939,Abbot,Maypowder,amaypowderq2@reuters.com,Male,213.82.19.104
940,Roseann,Mewha,rmewhaq3@nytimes.com,Female,79.203.117.195
941,Valeria,MacGinlay,vmacginlayq4@zimbio.com,Female,128.113.250.45
942,Clyde,Bovaird,cbovairdq5@nationalgeographic.com,Male,124.67.61.139
943,Delia,Shurville,dshurvilleq6@wordpress.com,Female,8.193.1.170
944,Rod,Bleything,rbleythingq7@wordpress.com,Male,151.90.238.55
945,Mathilde,Marklow,mmarklowq8@acquirethisname.com,Female,106.27.246.24
946,Wynn,MacCarrane,wmaccarraneq9@amazon.de,Female,173.37.193.45
947,Beau,Debrett,bdebrettqa@nasa.gov,Male,30.20.74.231
948,Rochette,Shorton,rshortonqb@ucla.edu,Female,185.180.209.69
949,Buck,Bulch,bbulchqc@homestead.com,Male,20.110.230.83
950,Annelise,Loughan,aloughanqd@mozilla.org,Agender,144.194.206.154
951,Wye,Brownsword,wbrownswordqe@state.tx.us,Male,103.116.140.83
952,Jere,Wollrauch,jwollrauchqf@nymag.com,Agender,25.17.82.200
953,Ax,Balsom,abalsomqg@europa.eu,Male,227.231.107.22
954,Salaidh,Impett,simpettqh@sbwire.com,Female,208.231.111.144
955,Kev,Atter,katterqi@hc360.com,Polygender,166.86.18.227
956,Marie-ann,Lucock,mlucockqj@ocn.ne.jp,Female,172.27.43.234
957,Brunhilde,Bartlomiejczyk,bbartlomiejczykqk@unblog.fr,Female,171.133.244.159
958,Brody,Vasile,bvasileql@samsung.com,Male,174.230.43.150
959,Meredithe,Petruskevich,mpetruskevichqm@cbslocal.com,Female,6.195.122.213
960,Camel,Carlozzi,ccarlozziqn@china.com.cn,Female,122.55.123.183
961,Efrem,Reddlesden,ereddlesdenqo@google.pl,Polygender,15.103.224.236
962,Ardenia,Eisikovitsh,aeisikovitshqp@hostgator.com,Female,21.167.29.255
963,Conrade,Juszczak,cjuszczakqq@tamu.edu,Male,143.63.220.81
964,Vyky,Crabb,vcrabbqr@ebay.com,Female,204.212.51.129
965,Mata,Cockren,mcockrenqs@businessweek.com,Non-binary,65.187.122.112
966,Tracey,Endacott,tendacottqt@pinterest.com,Male,149.211.255.132
967,Reinhold,Girkin,rgirkinqu@opera.com,Male,17.113.9.10
968,Ursuline,Clelle,uclelleqv@bloglines.com,Female,72.240.45.144
969,Kirstyn,Giorgietto,kgiorgiettoqw@nih.gov,Bigender,30.14.253.101
970,Laureen,Vatcher,lvatcherqx@phpbb.com,Bigender,123.111.151.15
971,Nikolaos,Conibeer,nconibeerqy@homestead.com,Male,48.33.146.19
972,Conchita,O' Loughran,coloughranqz@weather.com,Female,53.181.201.70
973,Lock,Simioni,lsimionir0@earthlink.net,Male,89.112.42.237
974,Marinna,Montel,mmontelr1@miibeian.gov.cn,Female,131.43.3.228
975,Sheelah,Maccari,smaccarir2@moonfruit.com,Female,150.0.184.79
976,Dore,Windram,dwindramr3@oakley.com,Female,110.73.146.68
977,Demetre,Dyster,ddysterr4@ed.gov,Male,107.196.168.112
978,Pepi,Self,pselfr5@dmoz.org,Female,0.184.71.48
979,Alonzo,Borsi,aborsir6@yale.edu,Male,163.240.126.144
980,Fanchette,Setterthwait,fsetterthwaitr7@histats.com,Female,153.180.70.192
981,Shaun,Wait,swaitr8@example.com,Female,1.179.238.92
982,Kayla,Stanbridge,kstanbridger9@wiley.com,Female,225.124.146.125
983,Jessie,Shanks,jshanksra@123-reg.co.uk,Genderfluid,209.220.220.237
984,Agosto,Skill,askillrb@is.gd,Male,208.252.77.9
985,Kalie,Mandrake,kmandrakerc@irs.gov,Female,169.109.184.177
986,Falkner,Martusewicz,fmartusewiczrd@disqus.com,Male,192.42.207.23
987,Janina,Quinlan,jquinlanre@telegraph.co.uk,Female,119.242.95.233
988,Mattheus,Capineer,mcapineerrf@china.com.cn,Agender,222.16.228.251
989,Niall,Heineke,nheinekerg@ocn.ne.jp,Male,201.117.66.48
990,Bentlee,Wannes,bwannesrh@nba.com,Male,236.168.227.217
991,Katya,Bingham,kbinghamri@goo.ne.jp,Female,27.68.178.197
992,Kendrick,Croney,kcroneyrj@etsy.com,Male,6.156.223.64
993,Nikolaus,Dounbare,ndounbarerk@shop-pro.jp,Male,89.77.69.90
994,Agnella,Alberts,aalbertsrl@hexun.com,Female,50.206.2.242
995,Eadmund,Carnall,ecarnallrm@istockphoto.com,Male,141.200.110.221
996,Wallie,Sigg,wsiggrn@ox.ac.uk,Female,100.135.145.166
997,Raleigh,Hyne,rhynero@hibu.com,Male,26.38.84.36
998,Juline,Wrates,jwratesrp@yellowbook.com,Female,206.210.87.129
999,Robb,Kelsey,rkelseyrq@so-net.ne.jp,Male,111.107.188.135
1000,Conny,Bradder,cbradderrr@cafepress.com,Female,99.83.15.152
