id,first_name,last_name,email,gender,ip_address
1,Florian,Grishelyov,fgrishelyov0@typepad.com,Male,103.2.64.252
2,Luise,Penright,lpenright1@dion.ne.jp,Female,54.236.95.163
3,Tamarra,Kimbrey,tkimbrey2@flavors.me,Female,82.235.209.90
4,August,Wickendon,awickendon3@rambler.ru,Male,16.106.246.160
5,Filia,Videneev,fvideneev4@ted.com,Female,196.130.188.192
6,Leonanie,Minchinden,lminchinden5@nydailynews.com,Bigender,248.221.124.191
7,Odie,Le Marchant,olemarchant6@is.gd,Male,44.108.225.169
8,Harman,Shilstone,hshilstone7@imageshack.us,Male,150.13.145.37
9,Far,Breem,fbreem8@blogs.com,Male,140.213.119.243
10,Eadith,Cottrill,ecottrill9@smh.com.au,Female,253.150.131.49
11,Alysia,Woodroffe,awoodroffea@privacy.gov.au,Female,112.80.244.212
12,Modesty,Bossingham,mbossinghamb@chron.com,Female,198.203.158.39
13,Leandra,Gimenez,lgimenezc@ask.com,Female,191.213.119.88
14,Easter,Tarborn,etarbornd@de.vu,Female,134.169.215.140
15,Susannah,Kevis,skevise@jiathis.com,Female,15.184.125.140
16,Seamus,Eisig,seisigf@cbsnews.com,Male,243.211.124.70
17,Lief,Storer,lstorerg@biblegateway.com,Male,189.134.161.61
18,Teodoro,Goulter,tgoulterh@purevolume.com,Male,141.55.154.35
19,Dee,Roomes,droomesi@nba.com,Female,86.161.178.9
20,Pembroke,Paridge,pparidgej@npr.org,Non-binary,175.101.85.116
21,Brocky,Morales,bmoralesk@home.pl,Male,39.157.217.255
22,Jewel,Crewdson,jcrewdsonl@amazon.de,Female,84.17.175.205
23,Rhodia,Powlesland,rpowleslandm@buzzfeed.com,Non-binary,121.225.126.130
24,Claire,Mathivat,cmathivatn@upenn.edu,Male,133.253.54.159
25,Aili,Andresen,aandreseno@hud.gov,Female,10.171.25.21
26,Gisella,Moryson,gmorysonp@google.co.jp,Female,153.127.84.83
27,Torie,Haughin,thaughinq@patch.com,Female,32.64.169.142
28,Bayard,Silverthorne,bsilverthorner@cyberchimps.com,Male,253.60.194.43
29,Tomasina,Jeannel,tjeannels@dmoz.org,Polygender,131.58.122.171
30,Ange,Bahlmann,abahlmannt@sitemeter.com,Male,156.205.214.125
31,Jeffry,Dudbridge,jdudbridgeu@mapy.cz,Male,28.127.72.231
32,Garner,Reina,greinav@amazonaws.com,Male,76.231.183.236
33,Aurie,Secombe,asecombew@about.com,Female,97.204.48.217
34,Job,Schoenfisch,jschoenfischx@google.com.hk,Male,115.227.237.61
35,Salaidh,Lazenbury,slazenburyy@tumblr.com,Female,67.205.147.132
36,Sib,Shurville,sshurvillez@istockphoto.com,Female,246.143.140.119
37,Junina,Tomlett,jtomlett10@tinyurl.com,Genderfluid,218.232.6.129
38,Marybelle,Crevy,mcrevy11@sina.com.cn,Female,88.71.190.167
39,Mellie,Whatsize,mwhatsize12@dagondesign.com,Female,38.58.60.1
40,Andriette,Wrinch,awrinch13@microsoft.com,Non-binary,141.111.74.143
41,Julio,McCarrell,jmccarrell14@telegraph.co.uk,Male,98.2.96.122
42,Abel,Baignard,abaignard15@wiley.com,Male,180.108.156.2
43,Veronike,Klimentyonok,vklimentyonok16@themeforest.net,Female,225.32.73.58
44,Hadrian,Drury,hdrury17@buzzfeed.com,Male,9.124.197.34
45,Dolorita,Elgey,delgey18@hibu.com,Female,94.190.234.37
46,Janetta,Tamlett,jtamlett19@jimdo.com,Female,181.35.73.251
47,Archy,Jandel,ajandel1a@usda.gov,Male,20.84.25.42
48,Delano,Osbaldeston,dosbaldeston1b@dagondesign.com,Male,190.13.126.248
49,Lurleen,Passey,lpassey1c@foxnews.com,Female,203.140.79.79
50,Ruggiero,Pasek,rpasek1d@ebay.com,Male,21.163.168.201
51,Celinka,Catlette,ccatlette1e@amazon.de,Female,21.176.163.137
52,Marcella,Hiorn,mhiorn1f@trellian.com,Female,80.203.14.214
53,Simeon,Hardisty,shardisty1g@gnu.org,Male,230.152.131.176
54,Esteban,Topaz,etopaz1h@slashdot.org,Male,236.221.207.170
55,Massimo,Norcutt,mnorcutt1i@dmoz.org,Male,203.194.60.195
56,Ximenes,Eyles,xeyles1j@paypal.com,Genderqueer,28.233.115.3
57,Hanna,Noell,hnoell1k@cnn.com,Female,8.46.120.122
58,Emelita,Blumsom,eblumsom1l@prlog.org,Female,41.68.164.242
59,Dayna,Townsend,dtownsend1m@storify.com,Genderfluid,227.47.97.94
60,Adler,Tichelaar,atichelaar1n@bravesites.com,Male,30.8.70.243
61,Ezechiel,Arons,earons1o@bing.com,Male,79.186.86.47
62,Rich,Dalloway,rdalloway1p@umn.edu,Male,233.201.126.117
63,Ram,Hirschmann,rhirschmann1q@intel.com,Male,102.43.78.128
64,Sergei,Marcos,smarcos1r@flavors.me,Male,81.145.182.36
65,Ephrayim,Roberts,eroberts1s@fda.gov,Male,115.245.29.226
66,Horten,Kybbye,hkybbye1t@dedecms.com,Male,114.225.94.71
67,Russ,Peret,rperet1u@discuz.net,Male,201.141.235.106
68,Archibaldo,Simenet,asimenet1v@mapy.cz,Male,53.135.192.213
69,Rickard,Wing,rwing1w@usatoday.com,Male,24.168.13.122
70,Fin,McCafferky,fmccafferky1x@slate.com,Agender,206.155.125.150
71,Tara,Creggan,tcreggan1y@nationalgeographic.com,Female,156.64.197.106
72,Lillis,Eakins,leakins1z@lulu.com,Female,33.44.17.92
73,Karlen,Flowers,kflowers20@wikipedia.org,Female,13.114.57.167
74,Parsifal,Wittrington,pwittrington21@redcross.org,Male,106.108.101.186
75,Merna,Redemile,mredemile22@geocities.com,Female,37.84.57.187
76,Corry,Grafham,cgrafham23@yolasite.com,Female,57.191.162.95
77,Mohandis,Smead,msmead24@google.co.uk,Male,175.84.233.93
78,Guthrey,Catonne,gcatonne25@is.gd,Male,147.62.246.193
79,Almeria,Wooffitt,awooffitt26@bluehost.com,Female,39.147.50.37
80,Dian,Kells,dkells27@epa.gov,Female,93.193.62.12
81,Derk,Stenson,dstenson28@w3.org,Male,6.17.240.29
82,Tamra,Bristoe,tbristoe29@virginia.edu,Female,184.129.179.22
83,Blake,Cardenoza,bcardenoza2a@nyu.edu,Male,54.55.125.118
84,Glynda,Minocchi,gminocchi2b@nsw.gov.au,Female,137.215.23.124
85,Fransisco,Varnals,fvarnals2c@wufoo.com,Male,212.166.98.214
86,Merissa,Spaughton,mspaughton2d@berkeley.edu,Female,98.58.17.155
87,Pietra,Vinall,pvinall2e@dropbox.com,Female,140.94.129.43
88,Donal,Kinman,dkinman2f@flickr.com,Male,91.107.42.234
89,Egor,Janjusevic,ejanjusevic2g@techcrunch.com,Male,64.234.130.228
90,Purcell,Tomblett,ptomblett2h@barnesandnoble.com,Male,166.24.2.213
91,Wallie,Bance,wbance2i@ning.com,Male,251.226.43.50
92,Nedi,Casella,ncasella2j@sciencedirect.com,Female,155.94.117.95
93,Griffin,Have,ghave2k@quantcast.com,Male,25.184.195.147
94,Fonz,Trevaskiss,ftrevaskiss2l@nytimes.com,Male,255.152.20.113
95,Jeromy,Haile,jhaile2m@trellian.com,Male,5.21.128.166
96,Niels,Saladino,nsaladino2n@sakura.ne.jp,Bigender,62.176.250.141
97,Phyllida,Acheson,pacheson2o@typepad.com,Female,233.195.194.181
98,Betteanne,Langston,blangston2p@last.fm,Female,195.240.93.48
99,Bryna,Roydon,broydon2q@slate.com,Female,138.96.206.199
100,Kelsy,McNae,kmcnae2r@hibu.com,Female,58.102.70.55
